time_tracking_id,t0,tfinal,gr,lag,intercept,rsq,foldX,mindist,cross_phase_tracking_id,xy_pos_idx,phase_num,back_mean_ppix_flprop_GFP,col_var_ppix_flprop_GFP,col_mean_ppix_flprop_GFP,back_med_ppix_flprop_GFP,col_upquartile_ppix_flprop_GFP,back_var_ppix_flprop_GFP,col_med_ppix_flprop_GFP
phase_2_xy401_col21,4.0,6.0,-0.051592118117616374,-3.102414013446903,5.938014171934739,0.9216253186094279,1.1086956521739124,130.77311475542635,phase_1_xy401_col10,401,2,498.16385911179174,3518.97211344488,534.3584905660377,498.0,562.5,787.6193982772409,525.0
phase_2_xy401_col30,9.0,11.0,0.11198177978012061,2.8774537342294964,7.114983976477319,0.9663819091523226,1.2510254306808857,130.77311475542635,,401,2,501.6522562322499,6404.714134659664,562.7061258278146,501.0,610.0,735.5723529087849,549.0
phase_2_xy401_col43,11.0,13.0,-0.046335827923071844,8.533498666198486,7.0047559689461165,0.969982658984987,1.0971014492753624,116.33634174860812,phase_1_xy401_col25,401,2,536.1621621621622,4699.349451303156,576.7592592592592,536.0,627.0,766.9522682048311,571.0
phase_2_xy401_col7,4.0,6.0,0.09609937373239129,1.931499767339428,6.478793102344829,0.9837420875665952,1.21191135734072,192.17746375480772,phase_1_xy401_col3,401,2,515.1235494880547,2046.3336315112008,514.4243986254296,515.0,545.0,822.0345648755374,515.0
phase_2_xy402_col3,3.0,5.0,-0.059673378816283255,-0.027176508843048904,4.380404920566786,0.9977892105208057,1.1267605633802813,319.4735334926301,phase_2_xy402_col3,402,2,501.00467289719626,3962.0165289256197,644.7272727272727,499.5,688.0,852.0607258275832,653.0
phase_2_xy402_col33,4.0,6.0,0.19464612443128032,0.34990078573015443,5.031759595946364,0.998251761597763,1.4759358288770044,319.1554163021344,phase_1_xy402_col8,402,2,470.719298245614,3518.7047346514046,521.1451612903226,470.0,537.25,648.7516158818097,514.0
phase_2_xy402_col34,13.0,15.0,0.03449643574347457,15.974292006266694,5.551502456871891,0.9988113959891758,1.0714285714285716,147.8454471629851,phase_1_xy402_col10,402,2,514.011583011583,6970.802509464575,587.106976744186,514.0,626.0,788.9406637746406,573.0
phase_2_xy402_col45,11.0,13.0,-0.012961842504896829,2.462410988258773,6.334536359157043,0.9976889904601333,1.0262626262626264,333.1458123617035,phase_1_xy402_col15,402,2,546.6674208144797,6472.254756072433,609.8851674641148,545.0,667.0,769.4135238153737,604.0
