time_tracking_id,t0,tfinal,gr,lag,intercept,rsq,foldX,mindist,cross_phase_tracking_id,xy_pos_idx,phase_num,col_upquartile_ppix_flprop_GFP,col_med_ppix_flprop_GFP,back_var_ppix_flprop_GFP,back_mean_ppix_flprop_GFP,back_med_ppix_flprop_GFP,col_mean_ppix_flprop_GFP,col_var_ppix_flprop_GFP
phase_1_xy735_col5,3.0,9.0,0.3449089458215011,2.6129255925334633,5.067486148354628,0.9487039901788141,7.297468354430379,576.1274735645562,phase_1_xy735_col5,735,1,248.0,236.0,277.0649581368573,238.66547565877624,238.0,236.19267139479905,330.2512938092763
phase_1_xy735_col7,1.0,7.0,0.3716336370547341,-0.30981524421228274,5.1190840719670705,0.9756316451625794,10.382550335570468,576.1274735645562,phase_1_xy735_col7,735,1,528.0,457.0,7892.45183026771,382.1764705882353,368.5,465.28497854077256,9640.217499677652
phase_1_xy736_col6,2.0,8.0,0.3078259278246537,0.8197453339550653,5.382450735164601,0.9429998615789197,5.984177215189873,638.2415366545856,phase_1_xy736_col6,736,1,247.0,235.0,291.4826797063211,236.59871441689623,236.0,235.39622641509433,303.2943834378508
phase_1_xy737_col1,1.0,7.0,0.4049529506299734,-0.4892582145390653,4.309000421770858,0.9808078526751004,13.754098360655732,1124.441140333467,phase_1_xy737_col1,737,1,244.0,232.0,295.16331994141757,231.82653946227234,231.0,232.03964757709252,302.9411593471637
phase_1_xy737_col3,1.0,7.0,0.4873055195797636,-0.53297148854461,5.013310139252796,0.9719346333314072,21.698275862068968,1124.441140333467,phase_1_xy737_col3,737,1,473.0,400.5,7333.175625316652,377.95440931780365,369.0,419.6140350877193,7418.522857711874
phase_1_xy738_col7,1.0,7.0,0.2897449767831061,0.08909169071082146,5.092179942560181,0.9718362700345486,5.784431137724547,320.9156792529908,phase_1_xy738_col7,738,1,231.0,219.0,248.65632709954332,220.84902763561925,220.0,219.55172413793105,274.4059453032105
phase_1_xy739_col4,1.0,7.0,0.26617114162353245,-0.542692378528174,4.807888144055301,0.9405508907238633,5.320754716981135,200.8572847570589,phase_1_xy739_col4,739,1,228.0,216.0,268.6627321330192,218.78404099560763,219.0,215.84615384615384,311.41762690750545
